account_id,account_age_days,posts_per_day,followers,following,profile_complete,account_risk_score,account_risk_level,prompt_injection,spam_indicator,suspicious_url,high_posting_activity,security_score,combined_risk_score,final_risk_level,recommended_action
1,800,3,1200,500,1,0.0,LOW,0,0,0,0,0,0.0,LOW,ALLOW
2,650,4,900,450,1,0.0,LOW,0,0,0,0,0,0.0,LOW,ALLOW
3,500,5,700,400,1,0.0,LOW,0,1,0,0,25,10.0,LOW,ALLOW
4,30,80,20,900,0,100.0,HIGH,1,1,1,1,100,100.0,HIGH,FLAG FOR REVIEW
5,15,120,10,1200,0,100.0,HIGH,1,1,1,1,100,100.0,HIGH,FLAG FOR REVIEW
6,900,2,1500,550,1,0.0,LOW,0,0,0,0,0,0.0,LOW,ALLOW
7,20,100,15,1000,0,100.0,HIGH,1,1,1,1,100,100.0,HIGH,FLAG FOR REVIEW
8,700,4,800,500,1,0.0,LOW,0,0,0,0,0,0.0,LOW,ALLOW
9,10,150,5,1500,0,100.0,HIGH,1,1,1,1,100,100.0,HIGH,FLAG FOR REVIEW
10,1000,3,2000,600,1,0.0,LOW,0,0,0,0,0,0.0,LOW,ALLOW
11,25,90,25,1100,0,100.0,HIGH,1,1,1,1,100,100.0,HIGH,FLAG FOR REVIEW
12,550,5,650,450,1,0.0,LOW,0,0,0,0,0,0.0,LOW,ALLOW
13,12,130,8,1300,0,100.0,HIGH,1,1,1,1,100,100.0,HIGH,FLAG FOR REVIEW
14,850,2,1300,500,1,0.0,LOW,0,0,0,0,0,0.0,LOW,ALLOW
15,40,75,30,800,0,97.0,HIGH,1,1,1,1,100,98.2,HIGH,FLAG FOR REVIEW
16,600,4,1000,550,1,0.0,LOW,0,0,0,0,0,0.0,LOW,ALLOW
17,18,110,12,1400,0,100.0,HIGH,1,1,1,1,100,100.0,HIGH,FLAG FOR REVIEW
18,450,6,600,400,1,0.0,LOW,0,0,0,0,0,0.0,LOW,ALLOW
19,22,95,20,1200,0,100.0,HIGH,1,1,1,1,100,100.0,HIGH,FLAG FOR REVIEW
20,750,3,1100,500,1,0.0,LOW,0,0,0,0,0,0.0,LOW,ALLOW
